,prediction
0,0.09423284636757207
1,-0.21878363353657965
2,-0.2185593764904299
3,-0.07785070756181325
4,-0.2193671373624524
5,-0.2095431170279472
6,-0.2196499519721658
7,-0.2084609944834678
8,-0.2193686059567891
9,-0.22087083957158857
10,-0.21914279968796438
11,-0.21964889748491817
12,-0.21120488728174205
13,-0.20053717123675524
14,-0.19886050230185578
15,-0.21936592866709628
16,-0.12746735913483173
17,0.6102690684520802
18,-0.1980528548563841
19,0.39557680323306366
20,-0.2193696926176271
21,-0.21839604106554664
22,-0.24710192818374688
23,-0.21951781302912343
24,-0.21936966429027402
25,-0.21954044725253274
26,-0.28197968822926656
27,-0.21937003995135762
28,-0.999875938883185
29,-0.21936966429027402
30,-0.9999272788749385
31,-0.28197968822926656
32,-0.21936860686112036
33,-0.22481207401261516
34,-0.21936860646940914
35,-0.21740133491293984
36,-0.2193772378009686
37,-0.21936860629452304
38,-0.21936897785763176
39,-0.9150530468136521
40,-0.21936860631537944
41,-0.21936857008141633
42,-0.219368592462646
43,-0.23388814482082954
44,-0.21936874253161523
45,-0.21987093973053987
46,-0.21936860646912842
47,-0.21936860646940923
48,-0.21936860627350588
49,-0.21936858566017037
50,-0.21936857468353851
51,-0.9812442896073548
52,-0.2184924752836317
53,-0.3872628577100534
54,-0.21936860646870113
55,-0.20354176450114783
56,-0.21936906789376623
57,-0.21943267461370913
58,-0.21936942167062592
59,-0.2179572930033615
60,-0.22477899114542774
61,-0.21936844945453962
62,-0.21538324578923795
63,-0.21835243791100342
64,-0.21932174181076372
65,-0.2193686064697123
66,-0.2660479090446287
67,-0.2192044194474693
68,-0.21936984410841678
69,-0.21945304362384435
70,-0.219655677598717
71,-0.15009064463306487
72,-0.21936866197364457
73,-0.2180174327634186
74,-0.21936828530339844
75,-0.22129570590002595
76,-0.22507924266916712
77,-0.22033113043411245
78,-0.2193686064456842
79,-0.2193658335578092
80,-0.21936860646940914
81,-0.21936860646857093
82,-0.21936710075263793
83,-0.21936864000897568
84,-0.2193698637123785
85,-0.21936860428582738
86,-0.23624230919077685
87,-0.21936860646940914
88,-0.21936860704114444
89,-0.21936860646940914
90,-0.2193686064694195
91,-0.21936272798314735
92,-0.21936860646940914
93,-0.21936860646940903
94,-0.21936860646940914
95,-0.21936860646965667
96,-0.21936860646940914
97,-0.21936860646940914
98,-0.21936876870822972
99,-0.21955534225995574
100,-0.21936860646940914
101,-0.21936860646940914
102,-0.21936860646644918
103,-0.2193686064694273
104,-0.21936860646940914
105,-0.21936860646940826
106,-0.21936860646940914
107,-0.2193694514776056
108,-0.21936942658891326
109,-0.21936860646940914
110,-0.21936860646940926
111,-0.21936943065975031
112,-0.21936914529302973
113,-0.21936860647071915
114,-0.21936860646940914
115,-0.21936891755132226
116,-0.21970540639320976
117,-0.2194004437672961
118,-0.21936860646940914
119,-0.21936581455395163
120,-0.21935480670545784
121,-0.21936860693479454
122,-0.21936860626113708
123,-0.21936859417976493
124,-0.219376593427727
125,-0.21936899082419814
126,-0.2193687080061178
127,-0.21936861063271107
128,-0.2193686069345163
129,-0.21937241942225982
130,-0.21936860646940912
131,-0.21943875283201814
132,-0.21936872448277683
133,-0.21936860648129536
134,-0.21936860647006212
135,-0.21936860646603973
136,-0.2192747107790801
137,-0.21937661654603396
138,-0.21942036964228015
139,-0.21936860646940914
140,-0.2194293921342066
141,-0.21942907162378336
142,-0.21936860646940914
143,-0.20824637856931588
144,-0.2205209185511881
145,-0.21936704122797587
146,-0.21936860646947468
147,-0.21936860646940914
148,-0.21937762273754585
149,-0.21937451053314602
150,-0.2199293908865357
151,-0.21936856670567598
152,-0.2195181605609554
153,-0.21936860647007164
154,-0.21936860648172243
155,-0.21936860646930403
156,-0.2162052895728277
157,-0.21937170566651606
158,-0.2190686555297505
159,-0.21965359893371483
160,-0.2100512432452607
161,-0.21989855632237484
162,-0.2198958981008752
163,-0.21936847876532037
164,-0.21939108109192199
165,-0.21936007846332173
166,-0.21688527275451217
167,-0.21919327741186198
168,-0.21938746491195987
169,-0.21917810201490262
170,-0.215365204287341
171,-0.21936860646870113
172,-0.22196724833965753
173,-0.21936860646940914
174,-0.21936860646940914
175,-0.2195357682264763
176,-0.21936860646941106
177,-0.21936860814914758
178,-0.21936891755132226
179,-0.21936860646940914
180,-0.21826898298109668
181,-0.21900400604890488
182,-0.20715003069048432
183,-0.21895810321815687
184,-0.21821488803579708
185,-0.21938953314966828
186,-0.2194005291636799
187,-0.21955819343657956
188,-0.2193686349992529
189,-0.2204185707483562
190,-0.2194099584770571
191,-0.21848996972743753
192,-0.21968377016864796
193,-0.21936708922034592
194,-0.21944128055753434
